Modelo,Conjunto,Accuracy,Precision,Recall,F1-Score
Random Forest,train,0.797752808988764,0.815604454803316,0.797752808988764,0.7959275064058572
Random Forest,val,0.7436974789915967,0.760739900064627,0.7436974789915967,0.7397845363481922
Random Forest,test,0.7689075630252101,0.783843991317035,0.7689075630252101,0.7657866538682727
Gradient Boosting,train,0.7949438202247191,0.8113544983838086,0.7949438202247191,0.7934494872752625
Gradient Boosting,val,0.7521008403361344,0.7683100942929891,0.7521008403361344,0.7469125791505022
Gradient Boosting,test,0.7815126050420168,0.7991083993405975,0.7815126050420168,0.7784268547164662
