{
    "dataset_info": {
        "total_samples": 1188,
        "n_features": 6,
        "target": "Stress_Level",
        "target_classes": [
            "High",
            "Low",
            "Moderate"
        ],
        "class_distribution": {
            "High": 940,
            "Moderate": 664,
            "Low": 396
        }
    },
    "train_val_test_split": {
        "train_size": 712,
        "train_percentage": 60,
        "val_size": 238,
        "val_percentage": 20,
        "test_size": 238,
        "test_percentage": 20
    },
    "features": [
        "Study_Hours_Per_Day",
        "Extracurricular_Hours_Per_Day",
        "Sleep_Hours_Per_Day",
        "Social_Hours_Per_Day",
        "Physical_Activity_Hours_Per_Day",
        "GPA"
    ],
    "model_results": {
        "Random Forest": {
            "train": {
                "accuracy": 0.797752808988764,
                "precision": 0.815604454803316,
                "recall": 0.797752808988764,
                "f1": 0.7959275064058572
            },
            "val": {
                "accuracy": 0.7436974789915967,
                "precision": 0.760739900064627,
                "recall": 0.7436974789915967,
                "f1": 0.7397845363481922
            },
            "test": {
                "accuracy": 0.7689075630252101,
                "precision": 0.783843991317035,
                "recall": 0.7689075630252101,
                "f1": 0.7657866538682727
            },
            "best_params": {
                "max_depth": 6,
                "min_samples_leaf": 2,
                "n_estimators": 50
            }
        },
        "Gradient Boosting": {
            "train": {
                "accuracy": 0.7949438202247191,
                "precision": 0.8113544983838086,
                "recall": 0.7949438202247191,
                "f1": 0.7934494872752625
            },
            "val": {
                "accuracy": 0.7521008403361344,
                "precision": 0.7683100942929891,
                "recall": 0.7521008403361344,
                "f1": 0.7469125791505022
            },
            "test": {
                "accuracy": 0.7815126050420168,
                "precision": 0.7991083993405975,
                "recall": 0.7815126050420168,
                "f1": 0.7784268547164662
            },
            "best_params": {
                "learning_rate": 0.01,
                "max_depth": 3,
                "n_estimators": 200
            }
        }
    }
}