Algoritmo,N_Clusters,Puntos_Ruido,ARI,NMI,V_Measure,Homogeneidad,Completitud,Pureza_Promedio,Pureza_Porcentaje
KMeans K=2,2,0,0.05964018081736121,0.04609690154098379,0.04609690154098379,0.04629044270151384,0.045904972040114,0.6246659518970732,62.47%
KMeans K-óptimo,9,0,0.04907437105492594,0.08768877719026719,0.08768877719026719,0.18382128880656928,0.057577586061125424,0.7309374179167569,73.09%
