Algoritmo,Silhouette Score,Davies-Bouldin,Calinski-Harabasz,Numero de clusters,Numero de outliers
KMeans,0.20424399930516343,1.5961618890941087,564.8953521210192,3,0
DBSCAN,0.2786820495978349,0.635173402059706,12.986657102271609,2,43
Fuzzy C-Means,0.19364357081062922,1.6930610760987017,543.9430948538076,3,0
Subtractive,0.17092267394807378,1.4792479998624044,374.7276519036134,8,0
