Algoritmo,Silhouette Score,Davies-Bouldin,Calinski-Harabasz,Numero de clusters,Numero de outliers
KMeans,0.20424399930516343,1.5961618890941087,564.8953521210192,3,0
DBSCAN,,,,1,142
Fuzzy C-Means,0.19364357081062922,1.6930610760987017,543.9430948538076,3,0
Subtractive,0.14181594344114112,1.4726031945583589,210.12685089027755,33,0
