split,n,prevalencia,roc_auc,pr_auc,brier,log_loss,precision,recall,f1,tn,fp,fn,tp
train,56,0.375,1.0,1.0,0.15536921407852783,0.40860693101837114,0.42857142857142855,1.0,0.6,7,28,0,21
valid,8,0.625,0.9333333333333333,0.9333333333333333,0.08333333333333334,0.23869281311055496,0.8333333333333334,1.0,0.9090909090909091,2,1,0,5
test,8,0.75,0.41666666666666663,0.7246031746031746,0.256976717741419,4.87664280248795,0.75,1.0,0.8571428571428571,0,2,0,6
