model,MAE,RMSE,R2
LinearRegression,0.16387071307913817,0.20508132200920484,0.5495191558155232
RandomForestRegressor,0.18272366666666703,0.22685070384138883,0.4488061368285957
DecisionTreeRegressor,0.2552,0.31470780098370615,-0.06081372033658172
