Modelo,Dataset,CV_Accuracy_mean,CV_Accuracy_std,CV_F1_mean,CV_F1_std
Decision Tree,Original,0.8615,0.01786057109949176,0.8406783109778313,0.023259670171042822
Decision Tree,Corregido,0.9355,0.01099999999999997,0.9335754652657895,0.011468572779642276
Logistic Regression,Original,0.8065,0.012708265027138836,0.8099871822686986,0.01069255481720936
Logistic Regression,Corregido,0.9964999999999999,0.00489897948556634,0.996586364036002,0.004782718848216196
