,Student_ID,Study_Hours_Per_Day,Extracurricular_Hours_Per_Day,Sleep_Hours_Per_Day,Social_Hours_Per_Day,Physical_Activity_Hours_Per_Day,GPA
count,2000.0,2000.0,2000.0,2000.0,2000.0,2000.0,2000.0
mean,1000.5,7.501931065336066,1.9901,7.503351956759749,2.7045500000000002,4.326330272139181,3.1167660547440073
std,577.4945887192364,1.4000565468743285,1.1558546578160238,1.4763575272096723,1.6885140915665198,2.5150258679811883,0.3026654167858864
min,1.0,5.0,0.0,5.0,0.0,0.0,2.172374626334997
25%,500.75,6.5,1.0,6.229628637333895,1.2,2.35359538911299,2.898822957636646
50%,1000.5,7.420911544506168,2.0,7.5158032183636365,2.6,4.115642219714541,3.1151542385287323
75%,1500.25,8.681401255935022,3.0,8.769622215241665,4.1,6.103429196883245,3.3346971740221196
max,2000.0,10.0,4.0,10.0,6.0,13.0,3.9830899583773656
