y_true,prob,pred
0,0.04,0
1,1e-08,0
1,0.8571428571428571,1
0,0.04,0
1,0.99999999,1
1,0.2,1
1,0.2,1
1,0.04,0
