Algoritmo,N_Clusters,Puntos_Ruido,ARI,NMI,V_Measure,Homogeneidad,Completitud,Pureza_Promedio,Pureza_Porcentaje
KMeans K=2,2,0,-0.002017872585759585,0.006050113583182496,0.006050113583182496,0.005917492157526035,0.006188815850869275,0.5466666666666666,54.67%
KMeans K-óptimo,7,0,-0.002130337949065556,0.02156292316554146,0.02156292316554146,0.04048406803016515,0.014694919954399862,0.5928571428571427,59.29%
